Type,Barcode,Description
Tripod,WACS TRIPOD 1,WACS TRIPOD 1
Tripod,WACS TRIPOD 2,WACS TRIPOD 2
Tripod,WACS TRIPOD 3,WACS TRIPOD 3
Tripod,WACS TRIPOD 4,WACS TRIPOD 4
Tripod,WACS TRIPOD 5,WACS TRIPOD 5
Tripod,WACS TRIPOD 6,WACS TRIPOD 6
Tripod,WACS TRIPOD 7,WACS TRIPOD 7
Tripod,WACS TRIPOD 8,WACS TRIPOD 8
Microphone,Rode Mic 1,Rode Mic 1
Microphone,Rode Mic 2,Rode Mic 2
Microphone,Rode Mic 3,Rode Mic 3
Microphone,Rode Mic 4,Rode Mic 4
Microphone,Rode Mic 5,Rode Mic 5
Microphone,Rode Mic 6,Rode Mic 6
Microphone,Rode Mic 7,Rode Mic 7
Microphone,Rode Mic 8,Rode Mic 8
Microphone,Rode Mic 9,Rode Mic 9
Microphone,Rode Mic 10,Rode Mic 10
Microphone,Rode Mic 11,Rode Mic 11
Phone Mount,Phone Mount 1,Phone Mount 1
Phone Mount,Phone Mount 2,Phone Mount 2
Phone Mount,Phone Mount 3,Phone Mount 3
Phone Mount,Phone Mount 4,Phone Mount 4
Phone Mount,Phone Mount 5,Phone Mount 5
Phone Mount,Phone Mount 6,Phone Mount 6
Phone Mount,Phone Mount 7,Phone Mount 7
Phone Mount,Phone Mount 8,Phone Mount 8
Phone Mount,Phone Mount 9,Phone Mount 9
Phone Mount,Phone Mount 10,Phone Mount 10
